{
  "config": "configs/config_3batches.yaml",
  "metrics": {
    "accuracy": 0.7105,
    "precision": 0.716732070554295,
    "recall": 0.7105,
    "f1": 0.7105901241707866
  },
  "train_batches": [
    1,
    2,
    3
  ],
  "val_batches": [
    5
  ]
}